J0,lambda_c0,Fmax,t90
0.22,0.72,0.5847000506802854,
0.25,0.85,0.5926271421246855,
0.28,0.9,0.9919805097230893,16.224
